,sum_sq,df,F,PR(>F)
test_group,87.44756578773669,1.0,0.04575962620847,0.8306134187285898
Residual,1123869014.0935414,588099.0,,
