,pearsons_chi_squared_statistic,p_value,median,contingency_table
0,4.571428571428571,0.032509444645719456,0.02147185215423815,[6 1]
1,4.571428571428571,0.032509444645719456,0.02147185215423815,[1 6]
